{
    "modellist":[
        {
        "location":"models/mmd/るいのれ式物述有栖_配布用フォルダ/物述有栖.pmx",
        "line_locationx_1":0,
        "line_locationy_1":0,
        "line_locationx_2":0,
        "line_locationy_2":0,
        "line_locationx_3":0,
        "line_locationy_3":0,
        "line_locationx_4":0,
        "line_locationy_4":0
        },
        {
        "location":"models/mmd/kizunaai/kizunaai.pmx",
        "line_locationx_1":0,
        "line_locationy_1":0,
        "line_locationx_2":0,
        "line_locationy_2":0,
        "line_locationx_3":0,
        "line_locationy_3":0,
        "line_locationx_4":0,
        "line_locationy_4":0
        },
        {
        "location":"models/mmd/『天宮こころ(Kokoro Amamiya)』/『天宮こころ(Kokoro Amamiya)』.pmx",
        "line_locationx_1":0,
        "line_locationy_1":0,
        "line_locationx_2":0,
        "line_locationy_2":0,
        "line_locationx_3":0,
        "line_locationy_3":0,
        "line_locationx_4":0,
        "line_locationy_4":0
        }
    ]

}